POSITION	REF	VAR	AF_d28	depth_d28
810	C	T	0.0133	6902
1261	G	T	0.0219	6314
1766	C	G	0.0303	7491
3454	G	T	0.0613	2935
3907	A	T	0.0167	3703
3908	A	T	0.0156	3726
5271	C	T	0.0505	1979
5408	A	T	0.0199	4325
5411	A	T	0.0215	4332
5412	G	T	0.0207	4251
6193	A	T	0.0796	4852
6194	A	C	0.0714	4774
6241	G	T	0.0306	8474
6263	A	C	0.0158	11159
6268	A	G	0.0152	11875
6269	A	G	0.0167	11915
6272	C	T	0.0167	12185
6273	C	T	0.0167	12181
6278	G	T	0.0167	14135
6591	A	G	0.0673	2096
7446	G	A	0.0994	1630
7611	T	A	0.1263	2257
7612	A	G	0.1241	2297
7613	A	T	0.1299	2301
7703	C	G	0.0217	3404
9043	C	G	0.0399	3835
9047	A	C	0.0393	3847
10422	A	T	0.0307	3057
10894	G	T	0.0336	2973
13380	G	T	0.0278	9103
14751	T	C	0.0215	4787
16149	A	T	0.0651	6278
16152	A	T	0.0604	6507
16511	A	T	0.0136	4279
16598	C	A	0.0265	5442
16824	G	T	0.0255	3653
17536	T	G	0.0207	4156
18835	C	G	0.0325	7529
20295	T	A	0.0262	3736
20296	A	T	0.0261	3749
20297	T	A	0.0272	3748
20304	G	T	0.0344	3834
20703	A	T	0.0497	3558
20807	A	T	0.0144	3050
23487	T	C	0.0445	5845
23541	A	G	0.0382	10177
24076	G	A	0.0173	3235
24953	A	T	0.0227	3486
25155	A	T	0.0201	6521
25917	T	C	0.0163	6246
26076	T	A	0.0171	11728
26111	C	T	0.041	14623
26492	G	A	0.0372	4645
26529	C	A	0.0315	5966
26532	T	G	0.0319	5963
26752	T	G	0.0233	9814
26755	C	A	0.0261	9939
27332	A	T	0.028	2392
28654	T	G	0.0174	4877
28988	G	T	0.0252	11339
28989	C	T	0.0239	11573
28993	A	T	0.0255	11694
29127	G	C	0.0472	11509
