POSITION	REF	VAR	AF_d39	depth_d39
147	G	T	0.0113	23383
456	T	A	0.0247	32702
601	G	T	0.0156	22095
810	C	T	0.0161	19621
1088	C	T	0.0337	5040
1091	T	A	0.0361	5256
1111	A	T	0.0141	7670
1112	G	T	0.0125	7760
1449	G	T	0.0157	8900
1756	A	T	0.0119	21592
1766	C	G	0.0263	23256
1769	G	T	0.0269	23125
1906	C	T	0.0113	41150
2002	A	G	0.0172	21023
2006	T	A	0.0171	19501
2007	G	A	0.0171	19547
2209	T	C	0.0148	12579
2332	A	C	0.0099	11864
2419	T	C	0.0576	10586
2521	G	T	0.0153	10791
2943	A	T	0.0202	11087
3382	G	T	0.0148	7139
3444	C	A	0.0176	8500
3445	C	G	0.0176	8451
3446	T	G	0.0158	8396
3454	G	T	0.0606	9324
3470	G	T	0.0396	9761
3478	A	T	0.0344	10527
3658	G	T	0.0103	9609
3904	A	G	0.0215	11265
3907	A	T	0.0233	11320
3908	A	T	0.0238	11375
3911	C	T	0.0228	11395
4089	A	T	0.0102	9447
4307	C	A	0.0332	3917
4316	T	C	0.04	4447
4439	A	T	0.0159	4467
4444	A	T	0.0177	4631
4952	C	T	0.019	9646
5171	C	A	0.0707	3807
5271	C	T	0.0356	6461
5411	A	T	0.0183	13831
5412	G	T	0.0183	13600
6193	A	T	0.071	13865
6194	A	C	0.0628	13692
6214	A	T	0.0261	17652
6217	C	G	0.0225	19986
6241	G	T	0.0322	23989
6242	C	T	0.015	24403
6263	A	C	0.0145	31511
6268	A	G	0.0137	33352
6269	A	G	0.0148	33460
6272	C	T	0.0149	34185
6273	C	T	0.0148	34285
6278	G	T	0.0149	39339
6591	A	G	0.08	6497
7068	C	T	0.562	3799
7201	G	T	0.0273	5601
7460	G	T	0.0171	5329
7468	T	A	0.0175	5718
7486	T	A	0.0235	6209
7487	G	A	0.0266	6177
7494	A	C	0.0521	6543
7613	A	T	0.0965	6324
7838	C	A	0.0332	9155
7981	G	A	0.0075	16069
8027	A	G	0.0112	15230
8062	G	T	0.0106	15329
8234	C	G	0.0108	12327
8383	T	A	0.0151	12912
8405	T	C	0.0166	13470
8409	G	A	0.0161	13752
8777	G	T	0.0119	7637
9022	G	T	0.025	9533
9043	C	G	0.046	10110
9047	A	C	0.0484	10262
9233	C	T	0.0214	8770
9236	G	T	0.0161	9169
9252	T	C	0.0101	10625
9254	G	C	0.0113	10593
9392	T	C	0.014	9757
9701	C	G	0.0286	5621
9814	G	T	0.0129	7221
10052	G	T	0.0216	9394
10123	A	T	0.0164	10194
10417	T	A	0.0143	8381
10422	A	T	0.0427	8518
10468	G	A	0.0252	8913
10752	C	A	0.015	9436
10858	C	A	0.0183	6723
11016	G	C	0.0156	8377
11070	G	T	0.0485	7379
11819	C	T	0.0293	12504
11821	A	C	0.0266	12641
11992	C	G	0.0114	11321
12192	G	T	0.0251	10396
12565	G	T	0.0241	8727
13239	C	T	0.0133	25236
13270	A	T	0.0092	24512
13271	A	T	0.0103	24515
13377	G	T	0.0223	23907
13380	G	T	0.031	23967
13750	G	T	0.012	14271
13996	T	A	0.0146	18798
14751	T	C	0.0189	14529
14827	G	C	0.0239	16806
14857	A	G	0.0166	14816
15212	T	C	0.0105	16326
15625	G	T	0.0325	9596
15877	C	A	0.0122	19613
15947	C	T	0.0835	22683
15988	T	A	0.0091	21588
16071	C	A	0.0105	14534
16149	A	T	0.0572	16058
16152	A	T	0.0512	16675
16398	G	T	0.0106	17289
16511	A	T	0.0105	11682
16598	C	A	0.0171	14970
16824	G	T	0.0237	9349
16825	A	T	0.0164	9433
17264	A	T	0.0311	7175
17265	G	T	0.0328	7230
17353	C	A	0.0133	14044
17530	T	A	0.017	10560
17536	T	G	0.0193	10539
17537	C	A	0.0194	10526
17543	T	A	0.0213	10228
17917	T	G	0.0134	6411
17921	C	A	0.0223	6762
18111	G	T	0.0167	4602
18572	A	T	0.0339	8936
18581	A	T	0.0308	9629
18690	G	T	0.0118	11079
18829	A	T	0.0613	18827
18835	C	G	0.0323	19238
18854	G	A	0.0098	19309
19012	T	A	0.021	6272
19162	A	G	0.0615	8004
19404	G	C	0.0241	13716
19455	T	A	0.0129	19210
19463	A	T	0.0259	19742
19502	A	G	0.0802	19742
19614	G	T	0.0158	7233
19737	G	T	0.0187	5732
20250	G	T	0.0286	5918
20285	A	G	0.0224	9732
20288	A	C	0.0335	9636
20295	T	A	0.0366	9954
20296	A	T	0.0376	9975
20297	T	A	0.0374	9964
20304	G	T	0.0457	10149
20694	A	T	0.0293	9650
20703	A	T	0.0383	9815
21105	T	A	0.0224	6516
21123	A	G	0.0211	6858
21132	C	T	0.0219	7759
21404	A	T	0.016	9326
21497	A	T	0.0134	6782
21557	T	G	0.0444	5806
21625	C	T	0.0657	6695
21698	C	A	0.026	5689
21703	C	G	0.0184	5940
21729	C	A	0.0252	5587
22167	G	A	0.0414	5295
22363	T	C	0.9992	5900
22538	C	A	0.0171	9139
22619	G	T	0.0246	9992
22999	G	A	0.4587	6634
23027	G	A	1.0	5919
23029	T	C	0.9995	6274
23197	G	T	0.0192	12746
23254	A	T	0.0384	11947
23457	T	A	0.0412	11398
23461	A	G	0.0404	11751
23479	C	A	0.1033	14258
23487	T	C	0.0375	15960
23497	T	A	0.0312	21688
23517	C	A	0.0154	23448
23541	A	G	0.0293	26947
23548	G	T	0.0118	26970
23562	C	T	0.0247	26902
24076	G	A	0.0188	9990
24694	C	A	0.0319	12966
25020	G	T	0.0795	9520
25154	A	T	0.0126	18584
25155	A	T	0.0141	18592
25346	A	G	0.027	15172
25830	A	C	0.0221	15236
26076	T	A	0.015	36415
26083	A	T	0.01	38331
26084	A	T	0.0117	38347
26111	C	T	0.0365	44569
26189	T	A	0.005	55681
26492	G	A	0.0563	12558
26529	C	A	0.0319	16710
26532	T	G	0.0314	16682
26541	A	G	0.0137	16565
26752	T	G	0.0179	30531
26755	C	A	0.0214	30878
27073	A	T	0.0091	31937
27322	C	T	0.0204	6125
27331	A	T	0.0248	6056
27332	A	T	0.0258	6078
27429	C	T	0.0162	6831
27656	A	T	0.0108	12923
27709	T	A	0.0159	15475
27903	G	T	0.0104	17874
28243	C	A	0.0151	27852
28255	A	T	0.0194	30741
28259	A	C	0.0108	35306
28267	G	T	0.0147	37800
28389	A	C	0.0125	39464
28654	T	G	0.0142	13489
28890	G	T	0.022	17434
28901	G	T	0.0143	17793
28988	G	T	0.0275	33624
28989	C	T	0.0259	34350
28993	A	T	0.0278	34700
29026	A	T	0.0128	35577
29127	G	C	0.0406	33519
29174	C	T	0.0087	38843
29175	A	G	0.008	38885
29298	C	A	0.0073	24661
29326	C	A	0.0086	23968
29528	C	G	0.0157	16858
29679	G	T	0.0128	9233
29687	A	T	0.015	7531
